{"cameraMode":{"drawMode":0,"name":"Shaded","section":"Shading Mode"},"sceneLighting":false,"audioPlay":false,"sceneViewState":{"showFog":true,"showMaterialUpdate":false,"showSkybox":true,"showFlares":true,"showImageEffects":true,"showParticleSystems":true},"in2DMode":false,"pivot":{"x":-4.158789157867432,"y":3.839609146118164,"z":1.8742561340332032},"rotation":{"x":-0.15112435817718507,"y":-0.03647007793188095,"z":0.005579431541264057,"w":-0.9878265261650086},"size":33.80447006225586,"orthographic":false}